lat,lng,date,aid
-64.10383648239076,-8.605372002348304,2000-07-14,45
-30.37013681139797,113.7597510125488,2007-04-25,19
-59.91793235298246,128.03783817216754,2010-01-13,93
-8.123235795646906,-18.87298428453505,2005-05-24,72
-46.70509707648307,-54.0208182670176,2009-07-05,19
-88.0246542301029,129.24322332255542,2005-09-01,45
-13.379202140495181,-118.26648904010653,2002-08-28,95
58.962653344497085,-10.663514798507094,2009-12-15,73
80.3748794971034,139.4420124683529,2006-01-02,90
87.6539752073586,159.255634797737,2001-12-03,49
25.333892670460045,-7.236582404002547,2008-07-02,50
75.80930687952787,70.9547049086541,2005-11-22,38
-35.74736947193742,40.18876654095948,2008-07-01,10
-54.482440520077944,-35.04285827279091,2004-04-07,34
-84.92138424888253,-50.122915199026465,2009-02-05,29
68.96347207948565,120.85430818609893,2003-06-28,3
-83.46876409370452,139.0657715499401,2002-10-16,41
-76.51221587788314,-71.39123886823654,2004-08-19,96
-4.79027337860316,132.6247614249587,2000-01-17,69
7.630301183089614,-77.62167949229479,2010-01-18,28
-58.54992981534451,1.623626360669732,2004-05-24,63
-30.359710520133376,67.02380178496242,2002-03-08,72
-23.447439833544195,-132.93962141498923,2003-04-23,2
22.092387923039496,37.094259755685925,2008-03-06,77
30.195441017858684,109.88681402988732,2005-02-20,10
-56.93102246616036,-101.44168842583895,2005-03-25,42
24.41370529588312,-87.88560918532312,2000-08-23,45
14.899307596497238,87.40514650940895,2001-05-08,55
11.780491112731397,-78.86090724729002,2007-10-06,15
67.05908389762044,-59.51738839969039,2000-04-18,51
-85.2135396329686,159.59512542933226,2000-09-11,94
34.103294452652335,-122.65811084769666,2004-08-14,32
44.63299434632063,92.58070819079876,2009-01-04,78
64.13270639721304,-143.58486760407686,2010-03-21,7
77.66290600877255,150.2454235777259,2005-01-12,76
-55.46211945824325,13.784086788073182,2007-07-13,17
77.47778748627752,-51.09347722493112,2002-11-30,34
-48.87154508382082,74.51002878136933,2000-11-15,85
25.652661686763167,20.8907222840935,2006-08-19,88
33.388536921702325,32.99948958680034,2004-10-11,41
-39.76123843342066,33.832456301897764,2006-11-28,54
-26.596436323598027,-66.17693720385432,2009-02-18,22
-22.869322705082595,-124.65709618292749,2009-06-22,11
80.27692262548953,73.14629179425538,2009-04-09,52
28.00681047141552,25.110170412808657,2003-02-17,23
22.619228046387434,32.82733669504523,2003-07-17,91
-7.280799248255789,35.149565348401666,2007-01-24,54
-24.966299319639802,35.06763459183276,2003-03-15,60
-47.27294063195586,-44.123845528811216,2000-02-22,44
-89.40994377247989,-56.34349602274597,2002-03-28,40
-53.9743691124022,171.2460578419268,2002-10-14,6
0.13414075132459402,-162.40381568670273,2004-08-17,100
27.15094234328717,5.2569404896348715,2006-07-16,42
55.70586775895208,168.5103551018983,2008-02-09,87
82.12557307910174,-113.27035138383508,2001-08-02,28
78.50091603118926,-31.47844322025776,2006-05-03,37
-64.9085760070011,-104.85611862502992,2000-01-20,74
-51.902077035047114,-81.90586843527853,2009-11-14,33
-83.77330373972654,-20.238458421081305,2010-04-06,28
-10.026634368114173,7.2878108359873295,2007-07-10,89
-17.847711062058806,-178.555478900671,2007-08-17,20
29.83513040933758,35.85850864648819,2008-08-16,49
59.408068559132516,141.2177707068622,2010-03-04,24
-83.25659281108528,58.479012083262205,2003-02-27,78
19.054320766590536,-55.859820479527116,2006-11-07,42
-55.54177016951144,-65.37905931472778,2004-10-30,5
-13.643717779777944,-167.86863550543785,2007-10-17,74
-51.59594440832734,-69.55352461896837,2002-08-17,97
-49.489006865769625,-85.40160275995731,2000-02-03,33
64.75997244939208,-59.18556570075452,2001-11-22,55
43.39965777006,-56.346216620877385,2007-05-07,37
5.190746588632464,160.25107632391155,2002-03-06,2
24.831141172908247,-131.72745689749718,2002-06-06,41
15.657916436903179,84.25422926433384,2009-08-03,35
-30.589572731405497,169.35285170562565,2008-05-01,58
-27.043559937737882,-75.83637409843504,2000-02-12,68
54.062614627182484,-44.149483256042004,2001-08-07,45
6.151480749249458,132.47152782976627,2002-09-14,81
-39.55434158910066,162.28855663910508,2008-05-16,46
-43.91186728142202,-163.89860590919852,2004-10-21,61
6.0734917083755136,55.20412674173713,2004-08-06,45
20.82792229950428,-58.545886846259236,2000-12-01,56
11.423460887745023,52.611910281702876,2007-05-22,38
-74.88972648046911,-147.68399971537292,2006-09-25,59
-77.83487223554403,-35.24554048664868,2000-05-15,55
33.30034882295877,-177.81306113116443,2001-09-02,49
86.48827631492168,92.6283229328692,2001-04-18,59
-38.11837585642934,-139.59067147225142,2007-10-17,10
77.1380474511534,-86.80721011944115,2000-11-10,45
-30.697711310349405,81.43873340450227,2002-12-23,7
49.18650502804667,73.10243231244385,2009-06-06,18
-7.0379410637542605,149.14223670959473,2003-12-23,23
-67.72325865458697,102.14332798495889,2004-11-23,4
-45.690319212153554,144.8999761417508,2007-11-13,82
18.886585347354412,131.81239625439048,2005-03-19,31
-45.937058008275926,96.8194051925093,2004-12-15,3
40.28701900038868,174.82316862791777,2005-05-02,44
86.50910085998476,134.05250396579504,2009-12-18,16
69.29731842130423,-165.94653367996216,2010-10-29,56
-2.362008453346789,-90.29544314369559,2009-05-11,71
-37.3386110085994,0.7030929811298847,2008-01-25,22
28.62457643263042,-141.07605678029358,2004-07-10,46
15.860894531942904,-19.18553271330893,2000-07-08,48
-76.64845922961831,-76.33854120969772,2000-06-24,58
70.03938503097743,98.85528422892094,2007-11-24,44
-21.341971680521965,140.78024751506746,2008-07-25,23
-78.9925010735169,51.97254851460457,2009-03-13,86
24.350300221703947,-5.507624438032508,2002-06-03,85
-86.2208072701469,65.8559793792665,2002-04-07,6
0.19235063809901476,12.009452814236283,2008-12-22,66
57.0500962017104,-81.52922711335123,2009-01-25,48
-23.732880894094706,-11.368066230788827,2004-06-25,82
10.082112047821283,-11.161812823265791,2010-01-19,19
-86.06829024385661,53.741975482553244,2002-01-08,61
7.844091095030308,167.67576422542334,2002-02-25,30
59.57403887528926,-153.32606619223952,2009-08-16,77
-59.7534961765632,-176.95234889164567,2005-09-09,52
45.20283832680434,-83.16314586438239,2005-10-03,66
-83.37680371943861,13.425652468577027,2000-03-27,77
70.80935637932271,99.88175254315138,2001-06-14,3
-88.10656692367047,-133.22028785012662,2000-03-10,24
-72.41446124855429,134.8791638854891,2005-03-15,20
52.49683685135096,-138.87553302571177,2010-07-21,65
37.97611115500331,-137.29452344588935,2003-07-09,50
0.3089626505970955,60.52913364954293,2007-07-25,78
-86.86207742895931,170.8781611919403,2008-01-02,69
79.94705714285374,49.3909446336329,2004-10-11,47
35.59648741967976,-83.11984805390239,2001-04-11,94
-38.421258525922894,-42.47818674892187,2008-10-12,70
26.88573402352631,23.13918750733137,2002-10-04,39
52.787782810628414,58.7167052552104,2005-10-20,76
-82.34879988245666,-114.73112331703305,2009-07-09,5
-46.24626088421792,42.72083882242441,2003-07-01,74
-88.13037224113941,113.28429359011352,2000-08-31,66
22.79035977087915,-176.41093385405838,2010-11-18,8
61.55712223146111,-2.9589450918138027,2000-04-16,75
-31.803576950915158,53.087586890906096,2010-05-17,2
9.05031762085855,-143.1188332848251,2010-04-06,58
-61.94168156012893,-84.50659629888833,2003-12-15,66
-74.00830188766122,143.85562201961875,2001-07-29,89
45.05074131768197,51.890791933983564,2003-01-13,57
41.94722268730402,64.78010217659175,2004-05-20,20
-67.31247184798121,132.72867372259498,2010-08-19,49
24.850584254600108,98.41995458118618,2002-05-14,99
-21.05213917326182,35.62117933295667,2005-07-24,7
22.797667868435383,94.47079609148204,2006-01-27,27
72.80368715990335,29.87081665545702,2003-09-15,85
-5.2793013118207455,12.34690454788506,2010-12-09,36
12.818079069256783,21.76266359165311,2000-07-03,31
44.919572160579264,17.387154484167695,2007-09-09,44
-6.773320022039115,5.143868196755648,2000-08-26,10
6.472187996841967,135.13559865765274,2000-07-22,90
0.16715115867555141,-72.45807291939855,2001-12-18,21
-25.12731438037008,175.7067147642374,2002-10-28,5
-11.177315656095743,70.50437374971807,2008-05-11,29
-65.43386233504862,-82.87252239882946,2010-11-18,86
13.48542164079845,38.15853481180966,2006-01-24,76
13.037512265145779,43.21845908649266,2004-10-24,52
-25.00285728368908,79.28400124423206,2006-03-01,1
51.88733477611095,-21.09696764498949,2007-06-28,5
-77.26589628495276,-148.46601158380508,2008-10-05,68
48.20159121416509,-104.48200511746109,2000-10-29,16
-72.61833725497127,-31.3165248837322,2007-07-25,23
36.3881080923602,138.93703230656683,2005-08-13,28
-6.1892398819327354,-5.674974666908383,2006-09-28,31
-21.076435879804194,-28.016545549035072,2006-01-17,97
80.90189689770341,-89.50177917256951,2000-04-02,12
39.86651748418808,-26.272442238405347,2008-02-17,52
-30.19673732109368,-125.38058560341597,2000-01-08,23
14.29382611066103,53.46929113380611,2010-07-08,1
10.648476826027036,-90.35855920985341,2006-10-15,71
-67.41898852866143,122.92172664776444,2007-06-29,55
-15.29922223649919,19.592768484726548,2001-12-06,18
-78.98761874064803,161.13602047786117,2002-01-28,95
50.22620878648013,18.02201240323484,2009-10-17,8
-50.289707905612886,-83.72573291882873,2005-10-03,84
-7.942401766777039,-131.60515386611223,2002-05-01,75
-89.29901582188904,-6.247847573831677,2006-10-01,78
-9.83122592791915,-35.029888451099396,2010-03-17,11
-45.17925865016878,-154.681202089414,2002-07-19,4
-29.994124257937074,154.44972518831491,2007-03-07,23
-73.4815926477313,-141.6833539120853,2000-12-05,37
35.831569880247116,-106.53950694948435,2003-10-02,89
-77.29881658684462,-172.14787828736007,2009-06-16,62
-16.948253265582025,-68.79332229495049,2002-05-04,15
49.141758657060564,-89.03460751287639,2007-11-07,16
8.031551018357277,-91.10225521959364,2000-12-03,41
64.8911974299699,-29.981391141191125,2002-01-14,27
46.836572382599115,-147.73917686194181,2005-10-03,85
72.01768232043833,94.60357985459268,2010-10-10,77
-0.8861819095909595,172.95424142852426,2010-02-28,62
65.18922697752714,-154.68409325927496,2000-03-01,20
-53.59029501210898,3.801403222605586,2006-05-28,11
47.22715213894844,-21.11799767240882,2009-06-30,9
16.4806069387123,48.87936657294631,2002-09-28,88
77.23403377924114,-143.09512012638152,2007-12-15,47
-40.863893176428974,111.20305370539427,2005-11-09,34
81.0157265374437,-160.99543014541268,2008-10-31,36
-86.65098514873534,-86.06572751887143,2004-05-13,19
-58.813381413929164,89.11267932504416,2008-01-18,56
57.57691637612879,-113.00048251636326,2003-01-22,31
-85.33705317880958,144.68978986144066,2000-09-05,67
49.111693147569895,-53.12947972677648,2003-12-08,5
68.90228049829602,22.576860543340445,2005-02-07,93
42.82245489768684,48.442541006952524,2000-11-09,2
65.51746398210526,152.82584426924586,2009-02-22,95
-84.3842291040346,-142.6688526570797,2002-09-03,12
-20.626385430805385,48.61436792649329,2009-09-09,93
14.211650686338544,-0.8583345450460911,2003-07-07,4
64.6416441584006,68.50280737504363,2009-11-17,92
-43.10877488460392,146.04453474283218,2005-04-18,42
66.3777601858601,11.20611914433539,2009-12-06,58
-39.22534250188619,95.49031186848879,2010-07-05,2
1.9453235948458314,60.91094836592674,2000-04-06,15
-10.889439736492932,-112.4405004736036,2009-12-25,76
-4.417004976421595,56.55495677143335,2005-06-17,3
-44.42750566173345,143.74969588592649,2006-01-12,24
-5.703667346388102,140.5713821388781,2000-04-16,90
-73.67112382315099,64.23033943399787,2001-08-05,45
-12.338479436002672,81.89355525188148,2009-06-22,27
2.534788395278156,-140.19506293348968,2005-04-25,89
22.031321399845183,-39.57173793576658,2008-12-02,67
-15.96313748974353,-49.65478179976344,2009-10-02,6
-59.308012020774186,-177.4114865809679,2010-05-08,62
-4.9100491823628545,-24.898088397458196,2003-05-14,95
-56.55969175044447,-93.92015852965415,2009-03-29,5
34.55826122313738,109.57699047401547,2002-11-03,56
7.776793674565852,41.78627329878509,2010-09-03,97
-69.50225519947708,-61.667605731636286,2003-08-16,18
-34.805591236799955,32.12979546748102,2005-07-11,21
7.530666086822748,169.49077206663787,2003-01-07,94
72.40488425362855,-36.062714606523514,2007-05-09,58
72.56928845308721,175.58881818316877,2001-04-24,85
-64.1475083772093,96.23652337118983,2008-09-02,10
-60.03305628430098,163.0026077851653,2004-08-14,81
27.492579915560782,-39.40388093702495,2003-12-05,95
-56.62640763446689,49.44824122823775,2007-07-07,22
-89.76694625336677,-52.584504475817084,2001-01-26,20
-35.50837551243603,52.01074945740402,2005-03-14,81
-10.756719382479787,138.80224828608334,2008-07-10,57
4.940722044557333,-76.17557471618056,2010-09-22,25
-41.3384566269815,41.85492854565382,2002-05-27,7
-85.87061734870076,17.504861634224653,2003-06-23,22
72.85243035759777,-85.4494150634855,2004-02-13,7
-43.42059555463493,-160.43874872848392,2009-09-03,18
33.77499169204384,80.75083664618433,2001-10-24,92
47.51096690073609,-45.24179393425584,2001-03-28,100
16.70314189977944,137.64496620744467,2004-12-06,71
-64.30376863572747,-29.444933999329805,2002-05-31,10
-28.215700364671648,-65.70189024321735,2003-03-04,27
-89.90308101754636,-12.27958520874381,2005-06-05,44
67.64238904695958,86.4044398907572,2002-08-04,18
-42.01277755200863,138.81040337495506,2007-08-23,96
-6.9591378048062325,-151.72040191479027,2001-10-21,74
-50.408706497401,109.70615417696536,2007-06-29,55
-87.94741415418684,-83.24441780336201,2009-01-05,88
60.445688953623176,-83.51778795942664,2003-02-03,20
-81.4892063755542,161.11115195788443,2000-11-11,39
-51.25665972009301,136.93345494568348,2000-09-23,10
-76.08118866104633,-37.252723071724176,2001-05-09,3
33.974069519899786,26.94999547675252,2010-06-08,8
68.70787541382015,37.6430681347847,2008-12-24,57
64.43889514077455,-35.815221732482314,2009-11-13,59
71.77997779101133,-161.07487751170993,2004-06-18,27
42.03070422168821,-59.762477930635214,2004-05-15,34
55.69897255394608,-120.45344735495746,2008-12-30,56
-38.81739389151335,-123.8731116335839,2008-07-18,20
-33.62068039365113,-140.5256669037044,2008-12-16,37
-3.5633275005966425,140.65881695598364,2008-01-18,16
-28.98051575291902,-102.20968080684543,2010-12-04,87
22.81166212633252,-87.11191878654063,2008-05-27,82
11.666966322809458,143.44971008598804,2005-05-23,27
-13.244310999289155,24.803671706467867,2007-08-09,85
18.752955263480544,42.68999878317118,2010-01-22,51
-64.80276864487678,-54.69322644174099,2003-06-24,89
-79.85405749641359,116.50094591081142,2005-03-23,47
9.500318868085742,165.86472949013114,2001-08-10,32
61.781935561448336,117.68754260614514,2001-11-23,61
67.14573894627392,-6.382424393668771,2008-12-04,94
16.819090023636818,-175.30054718255997,2010-04-20,68
-82.69591708201915,-73.38319966569543,2007-03-09,64
11.358361914753914,124.0932076703757,2000-08-19,94
-7.329334155656397,86.61126888357103,2002-06-27,61
-4.143923157826066,-28.07901327498257,2008-04-14,70
85.619134940207,174.47457005269825,2006-04-14,73
-68.74884410295635,3.58614438213408,2000-01-15,37
-88.86348718777299,25.059847896918654,2000-05-08,90
86.30713534075767,26.0493628308177,2008-07-03,33
39.33286387939006,81.0473516676575,2001-08-27,46
65.69561743643135,113.0330409295857,2004-11-28,16
-61.06700863223523,32.78863627463579,2001-03-29,39
-22.51962207723409,64.82959421351552,2002-07-04,52
25.625937790609896,165.45172043144703,2005-06-01,13
-50.42729990556836,72.87571507506073,2005-08-25,91
46.0664233379066,102.79665308073163,2008-11-11,78
-43.293413585051894,160.47240148298442,2002-06-24,75
10.628973646089435,95.74081979691982,2005-04-02,34
64.40040204674006,81.86836109496653,2006-03-28,87
36.82906417641789,25.15605479478836,2007-11-27,12
6.230275207199156,168.2440171111375,2008-04-15,45
-19.21812565997243,-72.40934547968209,2007-10-03,19
-74.85858695581555,-162.28300631046295,2009-03-26,13
-9.947279286570847,75.3840755391866,2009-11-25,72
-80.77412765007466,-75.22507234476507,2008-05-05,33
-22.827264284715056,124.0594838373363,2008-04-05,54
-52.59259896352887,115.62948270700872,2004-07-12,81
-18.303127270191908,21.934840874746442,2006-04-05,6
-28.92568708397448,-176.27568094991148,2000-07-27,78
-7.002309886738658,-169.03667961247265,2001-07-03,87
64.7198233846575,-153.35871471092105,2000-02-03,83
19.367038970813155,-131.6088217869401,2003-09-09,4
84.34151396155357,85.75286585837603,2001-10-09,28
-84.2605336708948,-23.07318588718772,2007-03-22,57
87.33840443193913,40.78079368919134,2010-03-11,5
-75.51603930070996,-94.80872324667871,2006-01-02,33
55.81533595919609,-29.219462648034096,2009-02-04,11
36.76650651264936,-161.53108052909374,2010-08-06,80
-80.09796681348234,100.10976646095514,2008-06-14,88
-43.50512289907783,-99.5103872101754,2009-06-06,9
-31.684168525971472,-168.73933629132807,2010-06-12,25
66.44539422355592,-83.36439125239849,2001-12-31,98
-21.632606252096593,3.4205096773803234,2010-04-16,72
63.22361821308732,-152.97246764414012,2008-04-11,22
42.54643396474421,24.037986611947417,2007-09-27,76
42.321699718013406,42.77392225340009,2008-05-19,78
-29.953648298978806,-20.034792004153132,2004-02-13,50
-52.898315973579884,-90.34724246710539,2002-05-24,18
46.690019625239074,-40.98925723694265,2004-08-19,100
-73.06655143853277,3.1436711736023426,2010-05-22,76
9.250650512985885,-97.90563228540123,2008-09-02,44
44.71581924241036,-167.01774476096034,2007-08-06,88
-42.35430188477039,44.44993693381548,2005-12-16,23
50.53023164626211,-65.94877299852669,2003-07-08,83
23.915145588107407,163.1351612135768,2008-01-23,41
85.70770680438727,119.5740570500493,2002-05-12,10
53.57636613305658,-30.569098675623536,2002-06-11,14
-27.917694998905063,172.62466005049646,2007-02-18,72
34.359877333045006,-119.01944470591843,2008-11-25,44
-79.77344198618084,-102.42487502284348,2004-07-12,30
-36.936113317497075,166.03637427091599,2002-04-22,82
-27.479533441364765,144.27371327765286,2005-08-08,66
-48.57259432319552,-148.5335620958358,2008-10-06,49
87.0264980988577,-65.87550904601812,2010-04-28,21
68.6879704054445,143.23894729837775,2007-08-23,19
-64.18324240017682,0.49467637203633785,2008-01-27,12
-12.906617154367268,-125.20171327516437,2002-06-10,75
66.11960628535599,153.27772423624992,2005-04-11,25
82.99443780910224,-146.56541185453534,2005-04-12,8
34.79162497445941,-153.0708585307002,2000-07-21,82
-29.68528926372528,134.64358236640692,2007-03-28,90
48.90017837751657,157.6487983111292,2005-05-18,47
14.310323749668896,-25.621424177661538,2007-08-18,7
86.06778904795647,-35.90929476544261,2007-02-28,26
25.58818683028221,-51.89242674037814,2010-03-31,31
63.88229414820671,-157.21050716936588,2008-01-08,58
58.518673782236874,26.907633505761623,2006-07-24,57
55.81818500999361,-17.66214033588767,2006-05-27,91
39.07119594980031,59.74776106886566,2000-09-24,95
63.5430697677657,9.567842558026314,2001-01-29,92
46.96829529013485,7.982593076303601,2010-02-03,43
-84.38090718816966,-157.0778150204569,2008-01-14,23
-78.20226567797363,118.82575602270663,2000-08-20,19
89.90818773396313,114.14799774996936,2003-03-02,1
-50.79246988054365,-113.83364897221327,2008-10-24,39
-72.18136140145361,142.53682603128254,2001-04-17,17
40.39964135270566,95.2629329636693,2004-03-28,67
-39.50518696568906,91.44167385064065,2003-02-07,18
-86.10373253468424,58.95087769255042,2001-02-06,90
16.16119360551238,-73.954590652138,2001-03-30,70
56.37163511943072,1.2461564876139164,2003-09-04,61
30.894781672395766,-75.52961689420044,2001-03-30,63
77.843481246382,115.6264116615057,2001-12-03,95
-10.952244959771633,-99.88586386665702,2005-05-10,44
79.33830436784774,-137.9126307182014,2000-08-12,56
7.631761562079191,142.83468341454864,2008-06-21,35
7.341440473683178,16.434555295854807,2003-06-17,94
54.48244328610599,-52.83099001273513,2006-04-26,90
79.74588057026267,-116.490846471861,2002-04-19,91
68.83104437962174,41.37812213972211,2004-03-16,78
-87.00665784068406,-92.78559811413288,2003-03-01,69
77.66499880235642,-73.11048028059304,2008-01-15,4
-23.590017473325133,-56.21684060432017,2005-06-11,74
-39.679555403999984,-18.73533021658659,2004-01-17,57
32.93742867652327,-65.2948977984488,2003-07-13,93
-16.325526894070208,-144.8371795937419,2000-07-22,65
80.21715441718698,34.6430528908968,2007-09-09,71
40.6119884038344,118.89608974568546,2010-06-02,19
31.90818863455206,-82.97445187345147,2005-12-20,52
27.07202458754182,55.87149990722537,2006-05-31,35
71.68884328566492,-114.0183343179524,2007-12-15,77
19.186793603003025,-28.851350666955113,2009-05-03,46
-22.54000741057098,10.571273295208812,2005-12-09,44
-3.291298574768007,157.9449611250311,2004-04-29,40
-55.54579901508987,-143.04050037637353,2008-11-30,51
-75.11801234912127,17.338494351133704,2000-07-28,60
23.442450631409883,-82.74872831068933,2001-06-22,33
-12.247801241464913,-82.40887155756354,2000-03-06,55
-15.30770015437156,-94.08957213163376,2002-11-29,16
5.493828286416829,154.26391038112342,2008-01-18,3
-31.312808012589812,-34.49416103772819,2009-08-08,65
-88.9860483398661,-56.094773691147566,2006-07-27,36
41.52506691869348,31.37093902565539,2003-07-25,41
-32.55991471465677,-14.663137793540955,2010-01-02,61
37.54905934911221,103.19578137248755,2003-07-17,74
60.12702236417681,157.2754539269954,2001-10-27,36
33.16224053967744,131.7088399361819,2002-03-10,24
66.75608019344509,28.035135017707944,2007-10-25,78
8.36820391472429,159.55105254426599,2010-07-18,61
-89.11789291072637,117.57367881014943,2007-12-26,40
67.9653287306428,145.06778159178793,2004-10-08,88
-65.0309582054615,-96.78098472766578,2005-12-03,87
-73.50019766483456,175.444656573236,2000-10-20,79
-47.18708178028464,165.2338615246117,2004-07-03,19
-34.87234043888748,86.83398200199008,2010-07-30,31
-41.094186594709754,-39.68406365253031,2008-10-29,72
30.842444272711873,67.44550622999668,2002-01-16,81
-89.62364223785698,96.64922833442688,2003-02-24,50
62.881698589771986,34.41132034175098,2009-03-09,27
6.007054271176457,-63.56219337321818,2003-07-03,3
-43.1771313585341,-153.87069736607373,2009-10-27,47
-32.810862734913826,12.713482053950429,2000-07-23,67
49.29087267257273,36.443218225613236,2000-02-19,63
18.862939872778952,-177.25241138599813,2000-09-26,53
-52.6168530061841,52.652195720002055,2001-07-19,42
42.50075665768236,139.25020577386022,2003-08-27,7
-62.98518290743232,122.03777700662613,2002-07-02,57
41.09060152899474,-137.7929053734988,2004-09-24,27
-13.976012840867043,-54.81910158880055,2006-04-07,25
-28.468718798831105,46.07547478750348,2001-01-24,99
87.7006637910381,-151.4664486888796,2004-03-13,22
-26.135498620569706,133.86439628899097,2001-03-05,83
-47.38575195427984,43.25254795141518,2000-11-11,31
-49.94319810066372,34.42439133301377,2003-08-17,97
-12.16309532057494,-10.161253223195672,2007-06-02,90
50.46579832211137,-162.37238036468625,2000-02-10,94
31.305478289723396,-11.991608999669552,2000-07-29,10
65.36268153693527,-85.81102226860821,2003-11-29,30
-50.868454431183636,-54.905451368540525,2003-01-06,54
22.659749309532344,-173.08060515671968,2009-08-18,64
41.69641850050539,-116.94542398676276,2002-03-13,4
3.1909467838704586,-164.00678761303425,2008-05-24,23
49.17638228740543,33.40992380864918,2006-05-17,44
8.502068817615509,72.11867205798626,2005-08-18,93
81.37256251182407,119.95081420987844,2002-05-10,38
69.80669698677957,-158.65568834356964,2006-03-11,34
69.3418847490102,-71.01976842619479,2007-06-29,67
-82.33648196328431,-52.78746161609888,2010-02-24,85
-0.6003026850521564,-8.705370789393783,2000-09-27,64
-63.69073882699013,-86.05312918312848,2004-03-08,90
29.182750415056944,163.51522830314934,2000-09-29,28
-11.14345595240593,-39.54560366459191,2009-08-30,85
-86.8020693724975,-76.65387108922005,2008-03-14,23
-82.04730953089893,-7.33027808368206,2000-10-25,31
-31.372620477341115,-25.224999971687794,2004-02-02,74
25.55529858916998,166.02851439267397,2002-07-07,100
-20.111258472315967,-158.77854214981198,2007-12-24,59
77.1571734873578,58.73545004054904,2004-07-09,37
-36.37881922535598,58.36068408563733,2007-06-10,19
-83.97882419172674,-35.121410032734275,2009-02-06,31
59.20345406513661,5.927682090550661,2002-04-11,88
-60.37367759272456,-70.18660289235413,2003-05-30,34
-66.50402404367924,20.915892468765378,2008-11-29,93
-62.49927656259388,27.473836094141006,2000-12-03,29
-21.552214748226106,28.13759003765881,2003-10-05,81
-8.628465738147497,140.0015096180141,2007-09-25,6
-31.69077028054744,119.74441369995475,2007-06-03,4
-25.942342523485422,-36.546489894390106,2004-10-24,34
55.6231230776757,110.24677595123649,2004-03-30,98
-69.77914893999696,132.06770743243396,2008-03-07,58
-85.9790319018066,-143.30672361887991,2005-03-30,82
31.93936130963266,-39.435325395315886,2005-05-08,75
-73.5133665567264,129.4499184563756,2008-05-25,59
-8.573953611776233,8.972166096791625,2003-07-29,53
-37.741110040806234,-6.985982358455658,2007-07-15,21
60.483747529797256,148.1521404068917,2002-07-29,16
61.664297729730606,-100.28988014906645,2009-09-21,42
-86.93455750588328,133.63413576968014,2003-07-17,7
-33.06680880021304,-110.36115447990596,2000-05-02,13
-65.16621446236968,-129.13989951834083,2010-09-09,57
70.43668854050338,-28.200818672776222,2005-07-25,46
44.69081552233547,-123.75226948410273,2006-01-13,29
-78.00537229981273,-54.18177838437259,2006-12-03,33
-48.37040299549699,-118.44273280352354,2010-01-25,60
-46.052035256288946,68.43197476118803,2001-12-21,92
70.68905926309526,111.47432838566601,2010-09-25,89
-7.353642261587083,-34.918927140533924,2007-09-20,34
15.918419449590147,36.75717397592962,2009-04-24,33
70.06119516212493,-102.31891829520464,2002-02-19,46
-42.23618402145803,-50.678604701533914,2005-06-02,76
24.17415297590196,10.104494076222181,2010-10-14,78
47.25650355219841,164.3293882906437,2007-10-08,99
-37.33764700591564,-146.56428792513907,2008-12-07,18
-35.77950237784535,113.40235395357013,2001-03-14,65
-43.706394312903285,156.31932771764696,2009-10-22,7
-81.8482497241348,-38.05901236832142,2001-12-21,50
-6.241076379083097,62.58536637760699,2003-06-24,10
-0.3963147383183241,-7.835984285920858,2006-08-01,51
-41.54143250081688,33.94837928004563,2004-02-12,26
15.973803293891251,-121.03668398223817,2000-02-29,55
54.27925933152437,1.8146636802703142,2008-08-04,86
50.526242572814226,-70.26120501570404,2009-11-02,16
-50.85908757057041,7.899665459990501,2010-02-04,82
-47.24934406578541,144.49200695380569,2001-01-17,1
-28.819546960294247,-41.776793114840984,2003-06-07,88
-85.23876681458205,51.037794817239046,2009-10-28,78
-53.78129955846816,-94.38804206438363,2009-07-29,73
74.80301602743566,169.25701797008514,2007-11-18,33
43.445896287448704,168.44350405968726,2009-08-27,84
34.96120147872716,-179.05602637678385,2000-05-11,46
30.658926609903574,-55.14119164086878,2002-07-25,74
6.559547921642661,-100.52362041547894,2005-11-12,27
21.716984482482076,-88.9238269161433,2004-08-05,66
73.7614189228043,-26.98294222354889,2006-08-22,95
-73.54926310479641,44.763771649450064,2010-03-20,61
-77.383859208785,-53.599463095888495,2002-08-24,47
26.295773559249938,124.22643098048866,2009-02-01,8
49.964883886277676,17.660088948905468,2005-07-19,23
25.91906928922981,111.43284793943167,2002-11-28,92
-41.06590986717492,74.20758741907775,2002-10-30,79
8.349867705255747,-134.2476479150355,2001-03-04,21
62.5523548386991,-62.54019998945296,2000-06-24,5
-81.39151353389025,50.036467434838414,2005-08-09,14
53.94598010927439,154.49301260523498,2010-08-09,46
2.2785470355302095,82.55508145317435,2002-02-23,44
39.371147425845265,-62.14594887569547,2006-07-19,19
-66.50083544198424,168.34071669727564,2009-08-15,38
82.11270832456648,-131.7137326207012,2009-11-03,16
2.6887276628986,44.853217117488384,2003-01-01,65
68.6151033360511,-158.07894341647625,2004-11-29,46
60.38310794625431,-174.24316766671836,2002-07-31,10
5.568380118347704,-74.9640442058444,2006-01-05,27
15.507491282187402,102.24110213108361,2004-12-08,86
-88.67598497774452,-176.0834868438542,2010-10-02,69
9.051996055059135,16.18704934604466,2007-03-17,80
18.153869714587927,75.00632721930742,2010-07-05,15
29.20889826491475,163.04382101632655,2007-07-30,31
29.74237815476954,151.72769526019692,2002-09-29,66
44.134138631634414,-174.95303716510534,2001-06-28,46
80.25349428411573,10.470138257369399,2006-05-27,96
-56.13336590118706,-89.54686794430017,2010-02-13,80
2.565896403975785,124.12698070518672,2000-09-26,41
-55.98077884409577,-138.2349122967571,2001-02-09,36
63.03183532319963,-28.740204367786646,2008-09-05,99
73.1349669629708,-138.28483399003744,2007-07-26,86
-44.72367451060563,97.59291093796492,2004-01-19,84
24.539605379104614,75.87025567889214,2000-10-28,63
16.05257822200656,-13.88586999848485,2000-02-19,75
-14.030866404064,-75.44045959599316,2006-02-18,6
-23.943027653731406,-177.78348558582366,2004-02-26,98
-10.352925974875689,109.21061832457781,2010-04-10,21
53.23504636064172,82.19658561050892,2009-08-07,41
57.28773078415543,61.561500392854214,2009-06-20,7
81.40948546584696,-152.98816334456205,2000-12-23,31
-80.3772897971794,-39.02953843586147,2003-06-10,41
32.58346086367965,-137.349988007918,2002-01-11,46
-60.84192217793316,38.678407268598676,2002-05-12,100
15.741846528835595,128.68012405000627,2000-01-16,46
-59.909641477279365,-165.71751829236746,2006-05-06,53
-52.27562455460429,-173.96255596540868,2000-03-16,98
-6.392189059406519,-32.94077527709305,2008-05-17,7
84.59863231983036,24.1811759211123,2002-12-15,91
38.461348162963986,74.71397473476827,2003-10-23,55
-44.42036415450275,-109.37829536385834,2001-06-19,2
-13.993204208090901,120.05088214762509,2010-04-09,93
-49.618873936124146,58.00607250072062,2004-09-07,73
26.344149336218834,-46.5983172878623,2006-01-17,25
24.226881433278322,-2.1106780506670475,2004-07-22,70
-11.805216763168573,-141.89321061596274,2007-09-14,24
87.5718171754852,138.6225634161383,2001-01-19,10
89.91822778712958,143.50678824819624,2009-11-12,94
65.77120904345065,-106.43190259113908,2000-10-28,20
65.99690972361714,165.51799966022372,2009-06-13,19
3.2549764774739742,111.54486143030226,2001-12-22,7
7.112044380046427,-54.72286485135555,2004-10-20,34
-46.62670432124287,129.63885049335659,2003-07-21,32
42.868611733429134,132.0984309632331,2008-10-26,45
-73.7521750247106,17.47494611889124,2008-01-06,5
-40.11463501956314,148.67205896414816,2002-12-03,52
24.683898710645735,-105.88601094670594,2006-09-20,50
59.08171345945448,-56.59984446130693,2006-11-30,11
-78.89288651291281,-73.34507977589965,2010-05-10,67
-88.1388784898445,7.592239463701844,2003-08-14,3
-28.472630088217556,-82.04548277892172,2003-12-16,69
-70.88297995738685,29.74742967635393,2000-10-02,69
-58.2195351831615,-5.364307723939419,2001-05-20,39
78.19721449166536,93.26479637995362,2001-11-18,78
-22.663929951377213,76.7961054481566,2004-04-06,64
-22.289470983669162,-159.22409956343472,2008-01-03,17
64.447543756105,-149.09375108778477,2008-08-20,84
-48.60550762619823,-75.06839253008366,2003-07-13,4
-19.62016800418496,178.8175349123776,2010-09-18,49
-21.98286494705826,-66.51870721019804,2004-01-19,35
23.547184020280838,165.65293069928885,2000-06-15,26
71.27981894183904,-54.79296647943556,2004-01-02,48
31.928235506638885,49.5452865678817,2002-08-14,19
20.273718908429146,14.405463673174381,2005-10-10,26
66.13529096357524,-48.13856776803732,2007-05-01,90
29.007896203547716,-77.67749140039086,2002-09-28,31
33.473610850051045,117.56030766293406,2007-02-21,82
51.44337214529514,-105.64558301120996,2006-07-01,9
57.93268520850688,64.87533099018037,2001-10-27,83
8.498121108859777,-177.3651582095772,2008-02-24,88
89.09890312235802,-177.6731038838625,2007-11-11,6
-36.85966457705945,-97.47975876554847,2001-08-13,60
-28.056030641309917,170.8015718869865,2004-01-05,60
13.761747423559427,159.2512172833085,2005-12-19,61
-77.10119867697358,111.18385252542794,2002-09-20,67
73.62752384506166,33.269197354093194,2002-07-31,96
-58.640213096514344,38.50463155657053,2000-07-25,7
18.867062176577747,-47.70512429997325,2009-04-14,55
-56.29652610048652,72.76318743824959,2005-02-09,76
2.0182729326188564,-23.888377184048295,2006-11-01,65
88.16486653871834,-123.96449659019709,2003-02-01,64
-12.881187885068357,-88.45033857040107,2005-02-12,55
-69.22757788561285,-21.1898035928607,2010-04-20,48
-44.68258499633521,-104.42558418028057,2009-02-19,50
72.210797178559,106.59991172142327,2010-01-13,51
-23.737841807305813,-175.65823744051158,2000-07-30,83
-67.354093529284,35.88991245254874,2002-08-24,37
62.817578413523734,58.26882052235305,2002-04-23,34
0.016643693670630455,87.02661154791713,2001-01-10,23
-63.105313894338906,0.39236719720065594,2009-03-26,89
-26.690884279087186,-71.15056266076863,2010-08-27,34
-70.25192310567945,59.982454273849726,2002-07-09,70
-37.14625659864396,21.139012947678566,2000-12-05,81
75.76467462815344,124.61836441420019,2000-08-30,21
-52.090685865841806,86.22611800208688,2004-11-29,3
-29.9638163857162,-86.15047258324921,2010-07-22,48
46.38770713470876,54.3541260715574,2001-07-22,91
45.24690991267562,-137.66741881147027,2004-09-24,19
-26.923893811181188,18.471932262182236,2002-02-10,35
-12.23065098747611,133.86561040766537,2010-04-07,58
-0.5338496575132012,102.9744853824377,2006-02-02,55
39.31224506814033,-109.05058457516134,2004-10-04,46
-22.063601491972804,38.923567961901426,2008-08-13,40
61.18176149670035,161.465794891119,2003-06-13,49
62.49647843185812,28.444005008786917,2003-10-08,38
-37.30522831901908,42.75110797025263,2001-04-30,73
85.77199487015605,61.04884651489556,2001-09-29,29
13.65054588764906,-121.59588290378451,2005-11-20,98
18.314530556090176,58.1323335506022,2001-09-22,47
-59.82629279606044,142.7600954566151,2003-04-18,5
59.200336248613894,-71.09221556223929,2009-08-11,100
-11.462406562641263,-158.1285524647683,2000-10-18,4
-74.20320007950068,-135.36304235458374,2005-01-01,97
-29.224260575138032,12.06543730571866,2001-05-14,72
13.950986783020198,98.54910671710968,2009-10-19,93
87.53754633944482,-113.11027195304632,2005-04-18,47
73.63618972711265,79.19353159144521,2006-02-18,39
-7.703348379582167,71.33362527005374,2002-07-19,9
-33.187285624444485,49.124502539634705,2001-02-25,75
52.91813959367573,-63.04808221757412,2001-08-06,20
-40.7803960936144,-158.60566028393805,2010-11-30,5
17.44492017198354,-63.570262882858515,2002-04-25,50
24.377427748404443,3.4420012962073088,2000-08-20,26
-16.95017511025071,161.99588857591152,2007-06-08,98
59.06935480423272,-106.61057962104678,2006-07-19,2
-72.41187886800617,-72.48218011111021,2006-01-11,10
45.388065269216895,-177.29209693148732,2005-08-22,4
3.3107152534648776,20.2577892690897,2004-02-15,69
-78.55824858415872,165.9271054342389,2006-02-17,97
30.817157034762204,136.49373225867748,2009-01-28,100
20.05894500296563,90.80491600558162,2005-01-30,79
42.779102814383805,118.60938993282616,2002-05-08,91
-46.994429477490485,-66.09442532993853,2002-07-10,65
9.421525625512004,127.99311694689095,2006-11-09,23
-80.72957255411893,111.73136875033379,2001-01-15,80
75.82567401230335,-97.63526536524296,2009-01-22,94
-19.973206892609596,52.560169296339154,2008-01-10,92
-62.4993556458503,-93.0952106975019,2006-04-17,43
15.118406396359205,-149.36089608818293,2003-08-23,66
48.577870689332485,43.34835536777973,2010-09-17,60
-87.10871828254312,-76.68993523344398,2002-06-26,16
-82.83578606788069,176.34845380671322,2009-11-07,61
-46.14239296875894,81.76321330480278,2004-10-14,55
-43.15505761653185,-119.42953895777464,2000-07-01,23
4.924319917336106,159.09844108857214,2005-04-16,19
-54.63770567905158,22.548238607123494,2002-03-31,7
-17.372449189424515,-12.98372215591371,2005-07-12,43
-85.58745700400323,-102.37105524167418,2009-10-17,5
84.67156103812158,-148.20392497815192,2008-08-11,17
-35.57642403524369,35.01235334202647,2002-01-28,81
10.726860193535686,-14.039165955036879,2007-05-06,93
-72.21210177987814,102.45441251434386,2010-02-01,84
73.56106725521386,-23.260872205719352,2000-10-07,16
66.09441015869379,66.25498060137033,2010-09-15,57
80.32548008020967,-23.05097635835409,2008-02-10,68
-44.5621952181682,-83.32003748975694,2005-06-11,51
25.47971875872463,-102.59454435668886,2003-05-11,54
88.25140499509871,-131.60194183699787,2009-09-07,96
-48.56457309331745,26.109939515590668,2004-12-27,1
-67.76564493309706,-121.45800478756428,2008-05-05,51
32.05543386284262,-151.08174389228225,2004-11-08,11
21.634947736747563,94.78979171253741,2008-06-02,46
19.164938209578395,44.85141106881201,2008-07-22,80
-5.10665652807802,-161.77756958641112,2002-12-17,40
-89.36690533999354,102.18547018244863,2009-06-15,67
26.175996749661863,28.997136605903506,2002-09-25,27
-8.166016065515578,67.18522424809635,2009-04-13,85
-38.87465113308281,84.21039199456573,2010-11-16,98
-39.82067048549652,161.2825446948409,2010-02-22,19
40.66479410044849,-82.80663971789181,2004-12-08,57
-22.930936608463526,-24.675348540768027,2003-08-31,6
-74.15065359324217,-69.8443999607116,2010-09-24,61
74.174031810835,-79.90727721713483,2009-11-06,57
-69.66576710343361,36.015708139166236,2006-03-25,6
86.92553346510977,1.994346035644412,2008-03-21,62
-69.78760996833444,-145.2185920625925,2000-08-16,57
-23.378654750995338,8.79213597625494,2006-03-06,64
0.12075112201273441,-156.65363657288253,2003-08-28,13
-49.75342636462301,-112.93095261789858,2006-09-21,43
76.36990918312222,-93.98827222175896,2007-02-04,62
-1.0084121022373438,-107.12375275790691,2000-03-20,2
5.267876777797937,23.909557331353426,2010-02-05,13
76.79730913136154,-44.384941309690475,2009-04-19,78
-61.98126585222781,80.52568431012332,2004-05-04,19
47.81559409573674,-91.75274924375117,2006-11-10,13
-36.04305284097791,122.35057177953422,2000-07-03,47
-81.30014488007873,6.320878593251109,2000-04-06,48
-55.94839913304895,26.206783605739474,2004-03-14,43
-89.44326016120613,-161.58222631551325,2008-10-10,54
5.408470588736236,77.73997991345823,2004-08-19,74
-51.163834794424474,-169.79587744921446,2009-12-17,13
68.48444912116975,64.40939348191023,2010-02-27,61
2.451081136241555,-69.77702203206718,2001-11-19,54
-67.47262147720903,135.6711409986019,2010-08-27,18
-51.26036858651787,-112.2242624592036,2008-08-24,29
19.15478663519025,-173.9735048264265,2009-11-23,62
-86.97281666100025,-67.33635935001075,2004-06-10,77
-72.19899369869381,150.91859551146626,2003-10-21,7
-70.24696944281459,149.57344732247293,2001-07-08,74
-75.73720884975046,72.30872827582061,2003-04-28,16
69.71906251274049,-99.84564933925867,2005-07-09,81
19.150446066632867,97.39829136058688,2003-08-06,87
-50.18465055618435,-115.21550931036472,2001-03-12,95
-15.012620617635548,-92.40877876058221,2008-11-05,58
-62.61607255786657,-40.025781439617276,2007-01-21,65
55.78784122131765,-20.630187587812543,2004-02-27,12
-10.691550085321069,-68.93638453446329,2004-02-25,39
-78.83987202309072,22.425679340958595,2010-03-30,30
48.04899196140468,-86.39169906266034,2009-11-03,75
-87.2017994010821,79.82320890761912,2001-03-18,52
13.94736219663173,110.83607596345246,2002-09-02,38
-11.39867258258164,-20.912909265607595,2007-02-02,44
-8.299964033067226,-147.49758183024824,2003-10-16,69
89.59906125906855,-115.5035360623151,2009-06-25,75
18.226115223951638,-160.56401006877422,2003-01-02,65
84.27035617176443,-167.5274690799415,2009-12-29,96
-14.61026256904006,-161.17526195012033,2004-11-08,44
20.323805850930512,129.7367839794606,2001-12-21,33
-83.9623475074768,1.555368835106492,2000-12-29,9
25.920423762872815,125.00426924787462,2007-04-01,37
65.66739016212523,-172.80053132213652,2005-06-07,69
-64.10372546408325,-96.26480340957642,2002-06-17,16
-88.3697679033503,94.6419553924352,2000-06-24,72
-21.861675032414496,-84.9727846775204,2007-05-19,94
36.43279055133462,-145.83559275604784,2002-10-08,27
73.81971166469157,51.3197928853333,2003-07-01,58
-58.663913388736546,-86.35778303258121,2003-11-28,54
21.750642978586257,-119.12656827829778,2008-09-14,15
72.47267972677946,108.38454111479223,2008-12-20,30
-54.43995642475784,-90.6809987872839,2005-01-01,8
5.047533642500639,-56.54528464190662,2004-07-06,80
-53.06493760552257,-52.980081774294376,2000-08-23,35
65.31715053599328,160.86425134912133,2000-11-02,65
40.95239563845098,156.41142237000167,2003-11-15,87
1.1105143278837204,-70.88772428222,2003-12-07,74
-63.73245476279408,35.31768721528351,2006-04-27,83
-6.937220385298133,-159.31208188645542,2007-08-24,93
-80.08679197635502,13.153720060363412,2001-11-28,45
87.42160978261381,52.57357556372881,2006-02-01,28
4.991547977551818,179.25316002219915,2003-02-06,52
66.93736148066819,5.021045906469226,2002-08-24,24
35.21366964094341,-107.65727774240077,2003-01-19,69
40.88618074078113,61.85663332231343,2000-02-04,4
6.606280426494777,-122.7326853107661,2007-09-22,25
-61.98365674819797,-132.39219990558922,2010-05-26,40
-0.4793526604771614,45.09132703766227,2005-03-11,77
16.579094300977886,-72.02236130833626,2000-09-01,22
43.812623117119074,130.92976299114525,2009-07-07,73
-10.060546500608325,53.736928990110755,2006-10-10,11
-65.30164162628353,135.95238846726716,2005-12-25,87
-65.42334166355431,149.3851343728602,2005-11-23,15
-13.500226554460824,93.36332665756345,2002-08-23,92
-59.71729528158903,178.48469607532024,2009-10-26,9
-73.67718184366822,-99.46114017628133,2008-06-17,83
5.107351136393845,97.36371248960495,2003-08-09,7
18.531231000088155,137.2509183548391,2003-01-24,42
-1.8455135682597756,-134.26457449793816,2005-10-26,9
-24.84582853037864,121.646584616974,2007-12-10,73
-2.275772960856557,81.07481941580772,2009-10-28,27
-84.17126656975597,-76.79538385011256,2005-10-25,13
-88.008005884476,31.837339717894793,2000-08-28,99
39.04810988344252,-153.94338137470186,2001-04-09,50
1.938344738446176,-61.57573789358139,2005-12-15,20
82.69535939209163,33.81518798880279,2001-03-27,23
-33.525424506515265,-7.395331962034106,2008-09-15,76
79.82371056452394,103.22008403018117,2006-08-10,46
-86.71465131919831,62.34612297266722,2009-10-24,7
-66.5565122757107,102.69873401150107,2000-01-13,23
26.320757288485765,140.3767716139555,2006-12-30,100
-46.64622724056244,-68.72614997439086,2002-10-20,82
-33.007293390110135,99.01382063515484,2007-03-17,32
-88.38951269164681,-49.8724106233567,2007-12-26,51
-78.98434024304152,-159.4437782652676,2004-11-05,3
-18.63589528016746,57.59322630241513,2003-07-07,81
-19.912210190668702,-11.869476707652211,2005-06-12,98
-6.652278006076813,11.793580250814557,2000-06-18,4
54.20547213871032,-8.55350143276155,2006-11-03,99
4.524846081621945,-153.4923410229385,2006-03-24,84
45.85864840541035,102.5743546988815,2004-01-19,83
-40.752302133478224,45.52209299057722,2010-05-03,8
34.603078085929155,-58.196807065978646,2000-07-04,4
45.904285814613104,-114.01817279867828,2003-07-22,32
-22.058932394720614,76.610507061705,2008-05-27,92
32.111011748202145,-15.102334432303905,2004-08-09,19
-67.00989624951035,56.115002827718854,2003-03-27,45
30.159505745396018,44.3127344828099,2002-05-27,73
-16.39275394845754,48.65988593548536,2007-05-11,63
-2.6576315984129906,-174.3864044174552,2006-03-23,62
-7.26148281712085,-134.0101326070726,2005-02-02,80
32.63922784477472,94.75327762775123,2000-02-08,68
0.1515893591567874,-119.85742891207337,2009-08-11,99
77.74795877281576,-30.942886043339968,2001-09-27,85
-60.103166503831744,62.69559485837817,2010-01-02,95
-82.22213574685156,104.43508448079228,2010-08-23,15
28.922991338185966,-24.819559771567583,2009-02-21,16
41.32600522600114,6.083820099011064,2003-07-22,16
-84.82718984596431,104.94283938780427,2003-12-30,100
-24.820057321339846,13.380476022139192,2003-05-02,15
74.90825186949223,148.0965988151729,2004-08-15,57
77.6370022399351,16.447796607390046,2004-08-04,66
-78.25931571889669,35.19174484536052,2006-09-15,53
-43.12138663139194,166.72699347138405,2003-11-24,32
-45.860508223995566,-25.759515780955553,2008-10-15,57
6.864233370870352,-82.78595728799701,2000-04-06,55
-56.52968960814178,-150.17675399780273,2007-11-18,74
30.0870033307001,37.96072416007519,2006-12-18,70
51.08447187580168,-13.124847924336791,2009-11-04,47
64.17071690317243,23.64019758068025,2010-02-19,76
71.9531948491931,55.676752589643,2010-02-13,43
-16.481453385204077,69.94087717495859,2004-08-22,87
-31.794248898513615,-30.185180436819792,2009-10-25,35
49.169475473463535,73.21118054911494,2009-07-17,46
-72.75704978965223,130.08433691225946,2006-10-24,29
-25.602270481176674,4.466230217367411,2003-06-17,16
47.377151786349714,-33.04354512132704,2000-06-15,20
-65.5195183865726,-150.7185817603022,2000-05-07,39
59.084390765056014,105.47050911001861,2009-11-16,20
39.44984511472285,84.5431933645159,2001-11-23,74
70.50137051381171,165.28389343991876,2005-01-07,62
63.982739355415106,-81.71627665869892,2003-10-07,21
-21.382004865445197,134.29217325523496,2005-03-27,43
18.29066933132708,28.034734949469566,2004-04-23,86
-31.45062410272658,-168.79693974740803,2010-05-19,50
9.525405778549612,7.576103126630187,2007-08-02,58
0.6514656124636531,-20.165944397449493,2002-09-15,22
-72.04127561766654,-94.83737669885159,2001-04-13,60
-40.521894469857216,26.19114926084876,2009-01-17,32
59.81146512553096,-176.59058167599142,2007-06-21,92
79.24806052353233,60.989136435091496,2009-10-14,50
65.89380925521255,-73.91912522725761,2001-03-26,90
55.34381086472422,135.74538563378155,2000-11-11,23
77.89941255468875,-8.9679054915905,2001-10-10,5
-72.92916969861835,-37.18997564166784,2007-02-20,62
15.368252992630005,115.45104623772204,2008-02-04,84
-11.929028746671975,53.190109971910715,2004-05-06,23
35.96656043082476,50.94211254268885,2003-01-28,24
32.46458150446415,-154.62218888103962,2007-05-03,38
81.43216660246253,46.98773480951786,2006-05-26,52
29.564675856381655,53.956179125234485,2003-10-14,56
-67.11309428326786,-28.800157606601715,2004-01-11,31
-6.424004039727151,121.76517505198717,2002-02-12,9
51.97427405510098,-148.55801143683493,2004-09-01,60
-27.29212334845215,-172.8422695118934,2002-12-25,53
-84.82863392215222,155.23206596262753,2003-03-17,17
-89.35921544674784,73.26419357210398,2007-05-28,45
-51.62631300743669,-168.2926455605775,2006-03-13,83
43.75185276847333,-159.93369002826512,2001-03-19,30
-81.39266114216298,57.34930663369596,2000-01-29,12
-61.88820899929851,118.87542743235826,2003-12-22,27
73.02793936338276,-111.66597817093134,2007-03-09,62
5.982381007634103,32.53195649944246,2004-06-13,23
-36.28353567793965,-166.30616929382086,2010-10-05,4
-49.08034147694707,-2.0843036379665136,2008-03-30,65
-13.046517740003765,-165.39337526075542,2008-04-06,95
85.53100945428014,-151.61189574748278,2002-01-24,94
-24.78191756643355,130.7041736226529,2003-04-25,45
80.74883433524519,-171.80380878970027,2009-04-18,83
41.54646302573383,117.43767220526934,2010-08-20,62
-41.6534204268828,118.9611335657537,2001-01-05,17
7.355387876741588,-79.07885508611798,2007-09-13,40
-48.82134418934584,160.9170535672456,2009-05-11,18
49.64800394140184,-45.130501203238964,2002-05-04,49
-40.299553466029465,48.849889766424894,2002-01-06,20
-8.425170639529824,-40.320400558412075,2007-06-21,4
89.90793300792575,-9.049671543762088,2007-11-02,97
10.281183002516627,107.15445097535849,2000-11-23,4
15.540746441110969,-140.77851740643382,2006-07-04,89
-46.02379037998617,81.38618130236864,2002-09-04,82
1.1168970633298159,71.47771647199988,2006-04-28,15
-41.54743662569672,137.02127885073423,2008-01-04,25
46.48800792172551,-65.1515884604305,2001-09-27,57
73.78454970661551,-46.30169774405658,2008-04-06,86
-78.5650644544512,-8.849547989666462,2007-02-12,32
88.9073656545952,6.153045482933521,2009-03-01,55
14.328526728786528,-112.98232111148536,2005-05-12,94
7.037077811546624,-171.4789063576609,2000-03-14,9
36.45086872391403,-134.3821602780372,2000-12-09,1
-46.223479164764285,47.27730005979538,2008-10-27,14
64.95403198990971,-136.0907901171595,2001-05-30,27
-84.14484806824476,112.05863563343883,2010-06-26,18
76.08494660351425,24.985513743013144,2000-03-09,44
77.44958330411464,-169.24349276348948,2004-08-15,44
-5.9955572336912155,-85.2633539121598,2009-02-12,7
-66.62578837014735,-158.31925719045103,2010-04-22,95
8.213490871712565,-74.76713184267282,2007-07-04,71
-8.390018697828054,-37.038422701880336,2010-01-07,90
1.1414531478658319,168.23792355135083,2004-10-15,51
2.114083953201771,-32.69598984159529,2007-09-12,58
76.32624516729265,72.34952836297452,2009-08-12,10
35.705433301627636,36.81870108470321,2000-10-20,68
-3.3859889348968863,11.449571773409843,2003-12-03,66
58.6799437366426,136.51329905726016,2003-08-25,27
-32.22078714519739,-39.12939372472465,2002-02-20,65
55.56875838898122,-113.34231630899012,2006-06-07,35
-31.78737900685519,21.167415529489517,2002-06-19,58
72.56588024552912,-132.01458821073174,2008-02-15,34
-40.846791747026145,167.41761493496597,2006-01-08,49
-37.34406481962651,-121.08436896465719,2008-07-24,55
31.28135919570923,95.13275077566504,2006-04-28,99
81.20906427036971,-98.5181085113436,2000-09-03,28
-16.190518490038812,-161.64113986305892,2000-10-02,63
33.70670885313302,101.5934291202575,2005-02-03,77
-8.161718077026308,14.351454209536314,2000-03-09,29
34.93270309176296,70.99575083702803,2007-05-08,6
-63.568119504489005,-33.400254948064685,2005-09-19,52
-57.276414167135954,-10.092062456533313,2007-02-10,98
-29.783263066783547,-163.19809639826417,2001-03-26,19
14.269895986653864,-30.42009634897113,2003-05-08,8
36.59564250614494,68.52507658302784,2006-11-26,57
72.94879743363708,87.46287192218006,2007-06-23,45
13.623025459237397,-96.86360531486571,2008-01-27,25
22.511468874290586,141.45938367582858,2004-03-25,35
-49.24924994353205,82.57985509000719,2002-03-30,29
1.3757365616038442,-149.70752374269068,2001-02-07,8
30.082337209023535,-155.73905208148062,2001-08-01,88
30.694997375831008,117.6068123895675,2009-07-29,41
13.49659320898354,42.324448227882385,2005-10-16,1
46.37896770145744,110.57127160951495,2002-09-22,63
-3.0196667835116386,-58.625940727069974,2004-06-05,9
-69.05650391243398,-106.21452639810741,2001-12-14,4
-17.218952192924917,19.6366074308753,2010-10-08,26
-31.034639636054635,-112.45223279111087,2007-12-16,41
49.81308141723275,-168.33874485455453,2008-12-15,70
4.0098279202356935,125.93722997233272,2009-03-10,34
42.848889282904565,-125.42092552408576,2007-09-06,48
74.68502883799374,29.34713613241911,2000-12-06,62
79.21892129816115,64.76492431014776,2004-03-04,36
50.31833394896239,48.4381213132292,2004-07-21,44
-9.74066206254065,-66.82466545142233,2000-01-17,74
-71.46140277385712,58.39888896793127,2000-06-13,13
-35.90342290699482,-135.74400790035725,2008-09-17,20
-22.14897553436458,156.98349941521883,2007-06-20,65
-43.175681750290096,-82.82529129646719,2009-06-27,72
-65.91878083068877,-177.94789443723857,2007-04-29,31
25.535299368202686,-174.96949218213558,2004-05-09,28
-9.223762499168515,-116.54532104730606,2010-01-31,65
9.376365984790027,33.63061127252877,2002-01-25,73
23.083775960840285,-145.14984796755016,2005-08-09,33
80.84868208039552,95.94909491948783,2009-03-10,91
-44.42790996283293,105.51741885021329,2004-01-11,50
72.49775368720293,-175.97584476694465,2002-03-07,40
-2.94848145917058,113.3967669121921,2001-11-28,95
-77.96033708844334,-102.97236115671694,2005-11-25,94
18.976688501425087,74.09471126273274,2000-09-20,27
24.231224432587624,22.303448896855116,2007-11-12,48
14.914251691661775,-58.118121195584536,2007-11-07,70
83.09743555728346,112.37036934122443,2003-04-12,12
34.059081547893584,-31.25745316967368,2003-02-13,90
-85.99839439149946,2.310443529859185,2000-05-01,90
20.979526787996292,8.832094687968493,2008-11-17,76
10.948374909348786,-155.7499270979315,2010-08-08,75
-72.44676057714969,-17.807194534689188,2009-01-19,93
-4.632248310372233,-82.13001184165478,2001-12-22,68
-49.951954297721386,143.44423200935125,2007-08-18,90
3.532206416130066,-47.50522579997778,2004-07-28,73
64.16516766417772,81.26029919832945,2004-11-02,90
30.932514150626957,9.444098928943276,2010-08-30,46
85.55751349311322,21.378558101132512,2008-03-28,82
77.63327229302377,-113.09149732813239,2000-09-04,24
-52.06062815152109,-15.112623386085033,2004-11-20,14
-74.77085860446095,-80.5363959632814,2010-07-02,14
-89.03775944374502,-119.2109214887023,2003-12-05,88
-88.94294779747725,-111.20700677856803,2008-06-06,3
-64.68798661138862,171.30620336160064,2001-03-30,94
-19.42672696430236,-133.3985353074968,2005-04-26,14
-11.052816524170339,-19.260265175253153,2008-10-31,50
60.17636734060943,-0.5689262878149748,2002-09-22,19
-73.69932498782873,-47.7062111813575,2002-12-30,67
